,B1,B5,bond_length,L
0,2.164084158,4.327446598,1.355708404,5.796083705
1,1.7,3.795091194,1.349974385,5.239034838
2,2.496899759,3.271226061,1.52803644,4.6677441
3,1.983828713,3.258020154,1.5210645,4.682773235
4,2.172146022,5.058504646,1.357150486,5.79915044
